Experiment name, Number of hosts, Number of VMs, Total simulation time, Energy consumption, Number of VM migrations, SLA, SLA perf degradation due to migration, SLA time per active host, Overall SLA violation, Average SLA violation, Number of host shutdowns, Mean time before a host shutdown, StDev time before a host shutdown, Mean time before a VM migration, StDev time before a VM migration, VM selection mean, VM selection stDev, host selection mean, host selection stDev, VM reallocation mean, VM reallocation stDev, total mean, total stDev
20110303_iqr_rs_1.5_it2fuzzy_n_dimensional_intersection_maxmin_and_union_minmax_reduction_centerofsets,800,1052,86400.0,108.91591021969971,22256,0.006585462086104781,0.09321642574412363,7.064701348002424,0.12152751324960691,9.310880514923243,3370,944.1697424332293,2455.214570719775,19.754184462306167,8.177876732274173,7.770034843205581E-4,5.785447834190394E-4,0.06916027874564461,0.0032681056603702206,0.029480836236933757,0.012902762294281724,0.4302996515679443,3.832713217708268
20110303_lrr_rs_1.2_it2fuzzy_n_dimensional_intersection_maxmin_and_union_minmax_reduction_centerofsets,800,1052,86400.0,92.8369168545391,6950,0.0012338532776412323,0.02742692103279682,4.498694097546727,0.048101677262043604,8.509215039225996,1089,1723.296760330551,6215.061058401921,19.69211311355143,8.232864093271678,3.5888501742160304E-4,4.805112487334223E-4,0.06711149825783971,0.017148919113703746,0.011181184668989515,0.005834122676361978,0.3680801393728208,3.5764095608168356
20110303_mad_rs_2.5_it2fuzzy_n_dimensional_intersection_maxmin_and_union_minmax_reduction_centerofsets,800,1052,86400.0,108.17186597418467,22499,0.006940089191093604,0.09695371763977659,7.158146546663557,0.13463457142178287,9.110996433972334,3505,902.1027651925777,2254.1295596200935,19.792622025354866,8.186441162191587,8.013937282229972E-4,7.185831107766133E-4,0.07520557491289195,0.011944052427551368,0.03041811846689893,0.01427206006662517,0.45652613240418155,4.040411581348158
20110303_thr_rs_0.8_it2fuzzy_n_dimensional_intersection_maxmin_and_union_minmax_reduction_centerofsets,800,1052,86400.0,74.32595064010819,2209,0.0031509670555020593,0.004849495119808998,64.97515674634111,10.710751108039148,14.0766829640469,786,819.8024122137311,3867.3047037389256,19.431887732004462,8.348927291270765,3.4843205574912894E-6,5.902813361009552E-5,0.06665156794425094,0.004904385362581447,3.4843205574912894E-6,5.9028133610095526E-5,0.3554564459930279,3.605879691125681
