Experiment name, Number of hosts, Number of VMs, Total simulation time, Energy consumption, Number of VM migrations, SLA, SLA perf degradation due to migration, SLA time per active host, Overall SLA violation, Average SLA violation, Number of host shutdowns, Mean time before a host shutdown, StDev time before a host shutdown, Mean time before a VM migration, StDev time before a VM migration, VM selection mean, VM selection stDev, host selection mean, host selection stDev, VM reallocation mean, VM reallocation stDev, total mean, total stDev
20110303_iqr_rs_1.5_it2fuzzy_n_dimensional_intersection_maxmin_and_union_minmax_reduction_centerofsets,800,1052,86400.0,108.49676729265856,22541,0.0066039871954008955,0.09436296626179605,6.998494702973954,0.11941155713225407,9.123361227920858,3342,957.1567444643895,2383.922382176003,19.68398080000254,8.164284025164369,7.421602787456451E-4,7.264239949056932E-4,0.07244250871080146,0.006944032351073554,0.029184668989547018,0.01318390793634289,0.440303135888502,3.90458305960134
20110303_lrr_rs_1.2_it2fuzzy_n_dimensional_intersection_maxmin_and_union_minmax_reduction_centerofsets,800,1052,86400.0,93.66164679036714,6733,0.0011914828644744133,0.026368513735480183,4.518581807177141,0.042798880465889894,8.102220684145376,1092,1711.6035274724993,6338.929101942774,19.841047518477946,8.194387041862658,3.2055749128919884E-4,4.7492623940145295E-4,0.06810104529616734,0.005236394186686163,0.010763066202090561,0.0056027866760711125,0.3737247386759571,3.6465212281464807
20110303_mad_rs_2.5_it2fuzzy_n_dimensional_intersection_maxmin_and_union_minmax_reduction_centerofsets,800,1052,86400.0,109.16547007479974,23101,0.0070848627661793916,0.09849080412819974,7.193425649116884,0.13583072534377313,9.036914644740236,3561,900.6081347935948,2262.5063237161403,19.707971688577032,8.182855737733371,7.944250871080146E-4,7.358717776994782E-4,0.07156794425087121,0.004943889739781723,0.031585365853658495,0.015620237292211141,0.4500383275261327,3.9722179192268117
20110303_thr_rs_0.8_it2fuzzy_n_dimensional_intersection_maxmin_and_union_minmax_reduction_centerofsets,800,1052,86400.0,74.32595064010819,2209,0.0031509670555020593,0.004849495119808998,64.97515674634111,10.710751108039148,14.0766829640469,786,819.8024122137311,3867.3047037389256,19.431887732004462,8.348927291270765,0.0,0.0,0.06958885017421614,0.003874555837642841,0.0,0.0,0.3692439024390213,3.744517044739623
