Experiment name, Number of hosts, Number of VMs, Total simulation time, Energy consumption, Number of VM migrations, SLA, SLA perf degradation due to migration, SLA time per active host, Overall SLA violation, Average SLA violation, Number of host shutdowns, Mean time before a host shutdown, StDev time before a host shutdown, Mean time before a VM migration, StDev time before a VM migration, VM selection mean, VM selection stDev, host selection mean, host selection stDev, VM reallocation mean, VM reallocation stDev, total mean, total stDev
20110303_iqr_rs_1.5_it2fuzzy_n_dimensional_intersection_tl_and_union_tln_reduction_centerofsets,800,1052,86400.0,109.79206977557212,23169,0.006923133734140658,0.09770131065526995,7.086019304867152,0.12466791306694497,9.15096611521999,3416,941.6855690866502,2310.258522694281,19.72384935089053,8.196950016658768,6.864111498257845E-4,5.786921699552835E-4,0.0778466898954704,0.0056125653096020115,0.029445993031358864,0.013242878135082672,0.4810871080139376,4.344012512547457
20110303_lrr_rs_1.2_it2fuzzy_n_dimensional_intersection_tl_and_union_tln_reduction_centerofsets,800,1052,86400.0,94.9941554053507,6959,0.0012169137759354882,0.027380934833594425,4.444383595122629,0.048549751243616816,8.563546231640254,1108,1681.0409747292142,5857.081372025079,19.6656306477537,8.211244875060531,3.1358885017421624E-4,4.647617762751532E-4,0.07414634146341434,0.0040095400476219956,0.010512195121951189,0.005737774268494703,0.4154355400696856,4.089513591435623
20110303_mad_rs_2.5_it2fuzzy_n_dimensional_intersection_tl_and_union_tln_reduction_centerofsets,800,1052,86400.0,109.07466997717546,23595,0.007223431949727958,0.10042338438695723,7.1929780039021685,0.139016962589139,9.258467499706745,3527,923.0349146583466,2199.214703869592,19.74139919174025,8.184858850525174,8.11846689895471E-4,5.604684643142314E-4,0.08045296167247395,0.004862844351183838,0.03219860627177699,0.015505884225131352,0.49912195121951247,4.40970734195811
20110303_thr_rs_0.8_it2fuzzy_n_dimensional_intersection_tl_and_union_tln_reduction_centerofsets,800,1052,86400.0,74.32595064010819,2209,0.0031509670555020593,0.004849495119808998,64.97515674634111,10.710751108039148,14.0766829640469,786,819.8024122137311,3867.3047037389256,19.431887732004462,8.348927291270765,0.0,0.0,0.07650522648083632,0.004309585251035148,0.0,0.0,0.41234843205574717,4.1935940112649766
