Experiment name, Number of hosts, Number of VMs, Total simulation time, Energy consumption, Number of VM migrations, SLA, SLA perf degradation due to migration, SLA time per active host, Overall SLA violation, Average SLA violation, Number of host shutdowns, Mean time before a host shutdown, StDev time before a host shutdown, Mean time before a VM migration, StDev time before a VM migration, VM selection mean, VM selection stDev, host selection mean, host selection stDev, VM reallocation mean, VM reallocation stDev, total mean, total stDev
20110420_iqr_rs_1.5_it2fuzzy,800,1033,86400.0,113.21854657746816,8364,0.0020535988567782584,0.04962274052585539,4.138422898485933,0.647382594141604,9.911439398012423,787,3344.9640406607177,3791.790680885875,19.54962607861561,8.305701360492554,0.009160278745644545,0.025280982319816923,0.12181184668989539,0.02159884092018121,0.06351219512195125,0.059141164160941596,0.24229268292682926,0.18787936367766309
20110420_iqr_rs_1.5_admissible_orders_lex1,800,1033,86400.0,87.35640921741359,7916,0.002301734790803388,0.047373410795852104,4.8587060803418485,0.05743978585880654,9.6476719379975,1464,1227.2886939890466,4640.267575422894,19.846511844656586,8.051817975849964,0.0019547038327526146,0.0020876017205029304,0.020052264808362346,0.010059650070356474,5.468146341463415,3.3981195889413702,6.712013937282229,10.410362833325427
20110420_iqr_rs_1.5_admissible_orders_lex2,800,1033,86400.0,83.30658631348838,7811,0.0023365693061344938,0.04769162927527511,4.899327914858734,0.06003774811871495,9.902545996213046,1463,1173.9447300068116,4390.175194238303,19.968543010047203,8.116233256522484,0.0015296167247386772,0.0012839763654880461,0.01849128919860625,0.01048370834389473,5.0178257839721265,2.7390182364512623,6.024222996515681,7.9815690414032066
